[
    {
      "Username": "Simon",
      "Gender": "male",
      "Password": "password",
      "Created": "2017-02-25",
      "Introduction": "Est excepteur sit cupidatat voluptate ipsum incididunt pariatur dolore. Minim in consequat esse irure. Quis est duis occaecat esse consequat.\r\n",
      "City": "Coinjock",
      "Country": "Falkland Islands (Malvinas)",
      "Weight": 1,
      "Height": 0,
      "Email": "Simon@gmail.com",
      "Waist": 31.94198855735307,
      "Lats": 26.21480668856929,
      "Age": 29,
      "Bmi": 23.8058403393904,
      "Category": "N",
      "Photos": [
        {
          "url": "https://randomuser.me/api/portraits/men/77.jpg",
          "isMain": true,
          "description": "Officia id esse tempor anim in elit mollit fugiat quis mollit voluptate laboris dolor fugiat."
        }
      ]
    },
    {
      "Username": "Delacruz",
      "Gender": "male",
      "Password": "password",
      "Created": "2017-07-06",
      "Introduction": "Cupidatat cillum reprehenderit magna sunt do consequat cillum deserunt ex laboris non labore nostrud. Ea ullamco in eiusmod non velit proident aliqua cillum consectetur. Magna non fugiat aute labore excepteur sunt magna velit laboris ad laboris mollit. Velit elit fugiat proident proident. Veniam qui ipsum nisi ipsum adipisicing labore irure cillum pariatur nostrud voluptate ullamco id.\r\n",
      "City": "Knowlton",
      "Country": "Croatia (Hrvatska)",
      "Weight": 0,
      "Height": 0,
      "Email": "Delacruz@gmail.com",
      "Waist": 29.87562135068348,
      "Lats": 22.11273926599684,
      "Age": 21,
      "Bmi": 21.431615292577252,
      "Category": "N",
      "Photos": [
        {
          "url": "https://randomuser.me/api/portraits/men/39.jpg",
          "isMain": true,
          "description": "Officia in irure eu id magna aliquip."
        }
      ]
    },
    {
      "Username": "Patterson",
      "Gender": "male",
      "Password": "password",
      "Created": "2017-02-04",
      "Introduction": "Sit irure enim voluptate cupidatat do voluptate cillum deserunt consequat velit. Id id elit exercitation ipsum exercitation duis amet irure reprehenderit deserunt cillum. Magna est aliqua aliquip commodo est eiusmod. Sint enim mollit eiusmod occaecat adipisicing id ea. Irure elit est do voluptate reprehenderit duis cupidatat do esse ullamco culpa qui voluptate.\r\n",
      "City": "Chicopee",
      "Country": "Nicaragua",
      "Weight": 0,
      "Height": 1,
      "Email": "Patterson@gmail.com",
      "Waist": 25.363130918917083,
      "Lats": 24.915017317033755,
      "Age": 26,
      "Bmi": 18.473835442810223,
      "Category": "N",
      "Photos": [
        {
          "url": "https://randomuser.me/api/portraits/men/17.jpg",
          "isMain": true,
          "description": "Id esse cillum ea do id."
        }
      ]
    },
    {
      "Username": "Alvarez",
      "Gender": "male",
      "Password": "password",
      "Created": "2017-01-20",
      "Introduction": "Deserunt eu nostrud officia proident sit officia dolor ipsum aliqua elit est do labore. Enim laboris ad nostrud ipsum do laborum ut aute aliquip fugiat. Sunt nulla mollit cupidatat ullamco Lorem anim eu minim duis commodo officia laboris non. Esse commodo ea minim amet tempor.\r\n",
      "City": "Garberville",
      "Country": "Czech Republic",
      "Weight": 1,
      "Height": 0,
      "Email": "Alvarez@gmail.com",
      "Waist": 24.44650406762261,
      "Lats": 21.949734623795212,
      "Age": 18,
      "Bmi": 19.01087235438669,
      "Category": "N",
      "Photos": [
        {
          "url": "https://randomuser.me/api/portraits/men/19.jpg",
          "isMain": true,
          "description": "Officia aliqua sint irure incididunt ut laboris excepteur nisi adipisicing anim."
        }
      ]
    },
    {
      "Username": "Tyler",
      "Gender": "male",
      "Password": "password",
      "Created": "2017-01-15",
      "Introduction": "Ullamco id proident anim proident sunt veniam laboris aute amet irure eu aliqua. Magna dolor elit culpa aliquip enim laborum laborum mollit laborum ex commodo ea. Proident tempor magna consectetur duis nostrud duis magna Lorem commodo commodo reprehenderit sint eu esse. Nostrud nisi excepteur incididunt nulla incididunt anim eiusmod est.\r\n",
      "City": "Dunnavant",
      "Country": "Sri Lanka",
      "Weight": 0,
      "Height": 1,
      "Email": "Tyler@gmail.com",
      "Waist": 29.311132191153025,
      "Lats": 27.34981139862634,
      "Age": 29,
      "Bmi": 19.10934280914614,
      "Category": "N",
      "Photos": [
        {
          "url": "https://randomuser.me/api/portraits/men/66.jpg",
          "isMain": true,
          "description": "Esse do dolore sunt commodo ipsum consequat eu laboris dolore sit duis."
        }
      ]
    },
    {
      "Username": "Puckett",
      "Gender": "male",
      "Password": "password",
      "Created": "2017-08-04",
      "Introduction": "Nostrud cillum mollit occaecat aliqua. Adipisicing proident et minim est non cillum proident velit. Incididunt cillum dolor esse culpa. Labore sit exercitation laborum labore sit aliqua ad exercitation ea.\r\n",
      "City": "Iola",
      "Country": "Cook Islands",
      "Weight": 1,
      "Height": 1,
      "Email": "Puckett@gmail.com",
      "Waist": 22.68065575070463,
      "Lats": 16.815550311666165,
      "Age": 30,
      "Bmi": 21.731243036722894,
      "Category": "N",
      "Photos": [
        {
          "url": "https://randomuser.me/api/portraits/men/10.jpg",
          "isMain": true,
          "description": "Deserunt sit id elit dolore aute laboris non nisi ad consectetur tempor ullamco."
        }
      ]
    },
    {
      "Username": "Murphy",
      "Gender": "male",
      "Password": "password",
      "Created": "2017-08-26",
      "Introduction": "Pariatur incididunt fugiat labore eu est labore occaecat cupidatat aliquip Lorem. Aute laboris quis incididunt aute fugiat Lorem do cupidatat incididunt sunt aliquip ullamco qui. Deserunt irure labore sunt qui sit sit veniam consequat esse.\r\n",
      "City": "Fowlerville",
      "Country": "Philippines",
      "Weight": 1,
      "Height": 1,
      "Email": "Murphy@gmail.com",
      "Waist": 23.508915164254333,
      "Lats": 22.208893294356226,
      "Age": 22,
      "Bmi": 19.2987462241513,
      "Category": "N",
      "Photos": [
        {
          "url": "https://randomuser.me/api/portraits/men/46.jpg",
          "isMain": true,
          "description": "Officia ut consequat ea tempor tempor ad."
        }
      ]
    },
    {
      "Username": "Knowles",
      "Gender": "male",
      "Password": "password",
      "Created": "2017-05-15",
      "Introduction": "Eu ut qui mollit adipisicing non nisi. Aliqua laborum magna quis pariatur. Excepteur id consectetur in eu excepteur pariatur sunt magna.\r\n",
      "City": "Sandston",
      "Country": "Mauritius",
      "Weight": 1,
      "Height": 1,
      "Email": "Knowles@gmail.com",
      "Waist": 27.990743415508938,
      "Lats": 24.58939151613736,
      "Age": 23,
      "Bmi": 21.365544203862427,
      "Category": "N",
      "Photos": [
        {
          "url": "https://randomuser.me/api/portraits/men/60.jpg",
          "isMain": true,
          "description": "Aliquip tempor quis tempor proident laboris sit enim laboris exercitation consectetur est dolore."
        }
      ]
    },
    {
      "Username": "Mosley",
      "Gender": "male",
      "Password": "password",
      "Created": "2017-07-10",
      "Introduction": "Incididunt non commodo id magna officia. Nostrud cupidatat tempor voluptate culpa excepteur sint irure laboris velit eu. Pariatur consequat sunt nulla eu labore id in ea ex adipisicing ad officia exercitation laboris. Aliquip irure nisi sint sit sint reprehenderit quis labore velit labore laborum.\r\n",
      "City": "Elrama",
      "Country": "Togo",
      "Weight": 0,
      "Height": 0,
      "Email": "Mosley@gmail.com",
      "Waist": 31.24812315807305,
      "Lats": 30.15399491585763,
      "Age": 30,
      "Bmi": 24.049238365285415,
      "Category": "N",
      "Photos": [
        {
          "url": "https://randomuser.me/api/portraits/men/51.jpg",
          "isMain": true,
          "description": "Aute nostrud tempor anim velit laborum minim Lorem commodo ut id."
        }
      ]
    },
    {
      "Username": "Nunez",
      "Gender": "male",
      "Password": "password",
      "Created": "2017-01-24",
      "Introduction": "Aliqua cupidatat reprehenderit ipsum magna est sint. Ullamco eiusmod occaecat id officia exercitation minim quis voluptate ea. Id in elit velit consequat Lorem aliqua pariatur proident magna esse. Aute proident irure occaecat sit exercitation duis ad do ex. Incididunt amet ullamco cillum officia minim est minim tempor amet eiusmod magna duis. Eu aute irure laborum amet reprehenderit ullamco non.\r\n",
      "City": "Boomer",
      "Country": "Yugoslavia",
      "Weight": 0,
      "Height": 0,
      "Email": "Nunez@gmail.com",
      "Waist": 20.990844089224506,
      "Lats": 18.099398645462635,
      "Age": 26,
      "Bmi": 18.97720971354696,
      "Category": "N",
      "Photos": [
        {
          "url": "https://randomuser.me/api/portraits/men/91.jpg",
          "isMain": true,
          "description": "Irure irure voluptate minim veniam sit eiusmod adipisicing commodo ut."
        }
      ]
    },
    {
      "Username": "Kelly",
      "Gender": "male",
      "Password": "password",
      "Created": "2017-06-11",
      "Introduction": "Proident fugiat minim id aute dolor pariatur adipisicing mollit irure id in reprehenderit. Ex veniam in irure anim officia cillum culpa. Incididunt cupidatat consequat tempor ut nulla velit consequat eu labore elit magna voluptate. Exercitation in esse aliquip nisi ut laboris consequat velit ut minim veniam. Consequat commodo ex qui consequat cupidatat amet adipisicing exercitation laboris adipisicing. Ad culpa aliquip qui cillum eiusmod tempor adipisicing labore.\r\n",
      "City": "Breinigsville",
      "Country": "Fiji",
      "Weight": 1,
      "Height": 1,
      "Email": "Kelly@gmail.com",
      "Waist": 22.649743569048386,
      "Lats": 20.313715897900806,
      "Age": 28,
      "Bmi": 20.877850279111847,
      "Category": "N",
      "Photos": [
        {
          "url": "https://randomuser.me/api/portraits/men/92.jpg",
          "isMain": true,
          "description": "Aute laboris non do aute consequat occaecat laborum ea incididunt ea occaecat ipsum mollit officia."
        }
      ]
    },
    {
      "Username": "Dillon",
      "Gender": "male",
      "Password": "password",
      "Created": "2017-08-29",
      "Introduction": "Est culpa dolor id nisi fugiat commodo excepteur deserunt qui laborum cillum Lorem eiusmod. Aliqua proident sit aute aute veniam et deserunt do labore aliqua. Ullamco cupidatat et excepteur fugiat officia quis irure nisi ut. Irure officia irure commodo exercitation ullamco ullamco magna anim dolore quis consectetur occaecat minim. Id laboris labore sunt commodo nostrud ipsum nostrud velit. Esse nisi est adipisicing amet velit pariatur ullamco consectetur ullamco duis consequat. Amet exercitation ex cupidatat nulla.\r\n",
      "City": "Chapin",
      "Country": "Cocos (Keeling Islands)",
      "Weight": 0,
      "Height": 0,
      "Email": "Dillon@gmail.com",
      "Waist": 30.782669795721382,
      "Lats": 25.785479535169262,
      "Age": 24,
      "Bmi": 18.488298927518038,
      "Category": "N",
      "Photos": [
        {
          "url": "https://randomuser.me/api/portraits/men/88.jpg",
          "isMain": true,
          "description": "Cillum aliqua tempor incididunt eiusmod fugiat."
        }
      ]
    },
    {
      "Username": "Wolf",
      "Gender": "male",
      "Password": "password",
      "Created": "2017-04-27",
      "Introduction": "Quis aliquip laboris anim sit nulla velit sit commodo irure veniam do laborum quis nostrud. Ipsum in minim reprehenderit consequat sint magna do Lorem qui sit aliquip minim Lorem. Voluptate voluptate elit pariatur eiusmod proident magna est aute pariatur duis eiusmod commodo.\r\n",
      "City": "Goochland",
      "Country": "Bahrain",
      "Weight": 0,
      "Height": 1,
      "Email": "Wolf@gmail.com",
      "Waist": 20.688070005422347,
      "Lats": 18.873508393236,
      "Age": 27,
      "Bmi": 22.01778638824562,
      "Category": "N",
      "Photos": [
        {
          "url": "https://randomuser.me/api/portraits/men/71.jpg",
          "isMain": true,
          "description": "Labore labore esse adipisicing ut."
        }
      ]
    },
    {
      "Username": "Fernandez",
      "Gender": "male",
      "Password": "password",
      "Created": "2017-06-20",
      "Introduction": "Amet ipsum ipsum eu est id pariatur irure ipsum velit. Culpa ullamco nostrud cillum incididunt labore nulla ad ipsum. Ipsum nisi ea in dolore exercitation aliquip reprehenderit aute.\r\n",
      "City": "Downsville",
      "Country": "Qatar",
      "Weight": 1,
      "Height": 0,
      "Email": "Fernandez@gmail.com",
      "Waist": 20.622112073966377,
      "Lats": 13.34195743955815,
      "Age": 28,
      "Bmi": 19.257464693882376,
      "Category": "N",
      "Photos": [
        {
          "url": "https://randomuser.me/api/portraits/men/93.jpg",
          "isMain": true,
          "description": "Id officia officia sit minim minim nulla."
        }
      ]
    },
    {
      "Username": "Watkins",
      "Gender": "male",
      "Password": "password",
      "Created": "2017-01-14",
      "Introduction": "Sit commodo excepteur consequat proident minim consequat consequat velit. Aliquip irure officia officia velit eu fugiat enim qui fugiat voluptate cillum irure reprehenderit nostrud. Cillum duis enim proident excepteur duis qui minim incididunt magna. Sint cupidatat aliqua ea nisi. Labore fugiat reprehenderit dolore laborum deserunt anim cupidatat. Ipsum aliqua sit excepteur et qui nisi ea minim do Lorem.\r\n",
      "City": "Magnolia",
      "Country": "Iran",
      "Weight": 0,
      "Height": 1,
      "Email": "Watkins@gmail.com",
      "Waist": 24.76295317681813,
      "Lats": 21.375609563604357,
      "Age": 18,
      "Bmi": 23.548734116146772,
      "Category": "N",
      "Photos": [
        {
          "url": "https://randomuser.me/api/portraits/men/48.jpg",
          "isMain": true,
          "description": "Anim cillum mollit deserunt do enim."
        }
      ]
    },
    {
      "Username": "Salinas",
      "Gender": "male",
      "Password": "password",
      "Created": "2017-02-09",
      "Introduction": "Tempor id proident ipsum incididunt nulla aliquip cillum in officia dolore eiusmod aliqua magna. Voluptate et duis exercitation elit reprehenderit consequat enim aliqua sit sint labore tempor excepteur laboris. Est dolor consequat deserunt exercitation anim. Ut Lorem et sint id fugiat excepteur fugiat ut occaecat non dolor cupidatat cillum fugiat. Ullamco id aliqua velit id eu velit non est commodo. Commodo aliquip amet reprehenderit laborum dolor mollit aliqua enim consequat. Et laboris sit laboris ad ullamco dolore ad sunt sunt incididunt ipsum fugiat duis.\r\n",
      "City": "Salvo",
      "Country": "Mongolia",
      "Weight": 1,
      "Height": 0,
      "Email": "Salinas@gmail.com",
      "Waist": 21.218140405124082,
      "Lats": 16.252226851807285,
      "Age": 23,
      "Bmi": 23.115915530226346,
      "Category": "N",
      "Photos": [
        {
          "url": "https://randomuser.me/api/portraits/men/1.jpg",
          "isMain": true,
          "description": "Excepteur enim officia sunt incididunt laboris commodo quis."
        }
      ]
    },
    {
      "Username": "Aguilar",
      "Gender": "male",
      "Password": "password",
      "Created": "2017-04-03",
      "Introduction": "Duis nostrud eiusmod sint sint laborum minim ea dolor sunt sint aliquip quis eiusmod quis. Qui minim cupidatat excepteur ullamco ad dolor nisi exercitation enim incididunt incididunt ut elit. Culpa occaecat excepteur sunt enim minim qui pariatur ipsum voluptate cillum mollit sit. Aute est ea ipsum eu excepteur esse deserunt deserunt. Eiusmod consequat dolore ipsum commodo aliquip do aliqua Lorem Lorem culpa. Commodo eu sit pariatur culpa occaecat Lorem voluptate.\r\n",
      "City": "Freeburn",
      "Country": "Finland",
      "Weight": 1,
      "Height": 1,
      "Email": "Aguilar@gmail.com",
      "Waist": 23.484013653541126,
      "Lats": 20.85151693697793,
      "Age": 30,
      "Bmi": 18.5398932025393,
      "Category": "N",
      "Photos": [
        {
          "url": "https://randomuser.me/api/portraits/men/92.jpg",
          "isMain": true,
          "description": "Sit officia sit sunt enim proident culpa."
        }
      ]
    },
    {
      "Username": "Mcguire",
      "Gender": "male",
      "Password": "password",
      "Created": "2017-03-22",
      "Introduction": "Magna dolor ad non pariatur enim. Do magna quis sunt elit. Consequat qui proident Lorem et tempor occaecat eu occaecat nostrud. Aliqua sint ea id aliquip sunt ut ad laboris laboris cupidatat dolore nisi anim aliquip. Incididunt do esse occaecat Lorem enim ut Lorem aliqua dolore magna in laborum id quis. Est ad cupidatat laboris quis.\r\n",
      "City": "Choctaw",
      "Country": "Solomon Islands",
      "Weight": 0,
      "Height": 0,
      "Email": "Mcguire@gmail.com",
      "Waist": 23.00149988474181,
      "Lats": 18.338140507698917,
      "Age": 26,
      "Bmi": 18.671006639455527,
      "Category": "N",
      "Photos": [
        {
          "url": "https://randomuser.me/api/portraits/men/90.jpg",
          "isMain": true,
          "description": "Magna elit sit do incididunt dolore nulla qui quis labore cillum velit esse."
        }
      ]
    },
    {
      "Username": "Flowers",
      "Gender": "male",
      "Password": "password",
      "Created": "2017-07-11",
      "Introduction": "Do laboris ullamco non consectetur fugiat. Dolor esse tempor exercitation irure ad consectetur nisi laboris consectetur adipisicing proident pariatur sint. Aliquip cupidatat consequat qui mollit laborum consectetur ipsum id exercitation cupidatat mollit dolor incididunt. Aliquip aliquip nisi sunt nostrud occaecat anim amet qui dolore voluptate eu.\r\n",
      "City": "Valle",
      "Country": "Netherlands",
      "Weight": 0,
      "Height": 1,
      "Email": "Flowers@gmail.com",
      "Waist": 31.074043239866338,
      "Lats": 24.33291965460185,
      "Age": 21,
      "Bmi": 19.208958433915615,
      "Category": "N",
      "Photos": [
        {
          "url": "https://randomuser.me/api/portraits/men/29.jpg",
          "isMain": true,
          "description": "Sit cillum exercitation cillum irure non."
        }
      ]
    },
    {
      "Username": "Long",
      "Gender": "male",
      "Password": "password",
      "Created": "2017-04-27",
      "Introduction": "Nisi consectetur velit incididunt anim sit. Ullamco est elit labore dolore minim duis ex. Aliqua veniam tempor nulla exercitation. Duis elit deserunt exercitation ullamco ut nostrud dolor. Enim labore reprehenderit do sit. Incididunt eiusmod quis tempor deserunt.\r\n",
      "City": "Jardine",
      "Country": "Ukraine",
      "Weight": 0,
      "Height": 1,
      "Email": "Long@gmail.com",
      "Waist": 22.140555857000045,
      "Lats": 19.671848132097328,
      "Age": 19,
      "Bmi": 20.121694339841724,
      "Category": "N",
      "Photos": [
        {
          "url": "https://randomuser.me/api/portraits/men/72.jpg",
          "isMain": true,
          "description": "Exercitation aliqua fugiat aute tempor veniam nostrud duis sint id ea aute excepteur mollit."
        }
      ]
    },
    {
        "Username": "Farmer",
        "Gender": "male",
        "Password": "password",
        "Created": "2017-08-24",
        "Introduction": "Voluptate sunt aliquip labore amet exercitation. Cupidatat minim pariatur et anim. Ad amet Lorem cillum sint deserunt. Est eiusmod quis reprehenderit aliqua cupidatat qui laborum cillum enim.\r\n",
        "City": "Harrison",
        "Country": "Nigeria",
        "Weight": 0,
        "Height": 1,
        "Email": "Farmer@gmail.com",
        "Waist": 17,
        "Lats": 25,
        "Age": 30,
        "Bmi": 24.176713825183985,
        "Category": "N",
        "Photos": [
          {
            "url": "https://randomuser.me/api/portraits/men/89.jpg",
            "isMain": true,
            "description": "Ipsum adipisicing ad aute fugiat reprehenderit minim veniam elit fugiat non eu."
          }
        ]
      },
      {
        "Username": "Stevenson",
        "Gender": "male",
        "Password": "password",
        "Created": "2017-05-07",
        "Introduction": "Est proident nulla ut veniam enim. Cupidatat minim irure mollit Lorem tempor laboris ex mollit est. Cillum fugiat sunt non do. Adipisicing Lorem fugiat aute cupidatat exercitation ad labore qui proident. Ut exercitation sunt pariatur laborum eiusmod occaecat commodo ullamco laborum excepteur mollit ut sint sit. Aliquip id fugiat consequat ex deserunt occaecat officia.\r\n",
        "City": "Bakersville",
        "Country": "New Caledonia",
        "Weight": 0,
        "Height": 0,
        "Email": "Stevenson@gmail.com",
        "Waist": 23,
        "Lats": 21,
        "Age": 20,
        "Bmi": 22.73513899428481,
        "Category": "N",
        "Photos": [
          {
            "url": "https://randomuser.me/api/portraits/men/96.jpg",
            "isMain": true,
            "description": "Aliqua mollit enim occaecat commodo dolor anim deserunt reprehenderit."
          }
        ]
      },
      {
        "Username": "Robles",
        "Gender": "male",
        "Password": "password",
        "Created": "2017-06-29",
        "Introduction": "Laboris incididunt veniam velit anim id fugiat cupidatat consectetur sunt. Duis id sunt voluptate reprehenderit ullamco excepteur magna ad tempor dolor aliquip. Id excepteur sit velit ex dolore eiusmod eu in laboris incididunt non. Sit reprehenderit in qui elit laborum voluptate qui magna deserunt cupidatat aute eiusmod id tempor. Consectetur ullamco sint minim irure Lorem dolore. Eu consequat nostrud pariatur pariatur est tempor anim ut elit. Voluptate laborum id in culpa ad anim.\r\n",
        "City": "Biddle",
        "Country": "Croatia (Hrvatska)",
        "Weight": 0,
        "Height": 1,
        "Email": "Robles@gmail.com",
        "Waist": 25,
        "Lats": 24,
        "Age": 26,
        "Bmi": 18.533222243066064,
        "Category": "N",
        "Photos": [
          {
            "url": "https://randomuser.me/api/portraits/men/40.jpg",
            "isMain": true,
            "description": "Sunt ipsum mollit nulla esse proident."
          }
        ]
      },
      {
        "Username": "Long",
        "Gender": "male",
        "Password": "password",
        "Created": "2017-06-15",
        "Introduction": "Excepteur ex Lorem ea sint fugiat quis fugiat cillum irure exercitation in sint. Consequat minim reprehenderit pariatur commodo in. Eiusmod ipsum velit qui dolor cillum sunt proident eiusmod laboris deserunt fugiat amet. Est non esse nisi consectetur.\r\n",
        "City": "Tedrow",
        "Country": "Iran",
        "Weight": 1,
        "Height": 0,
        "Email": "Long@gmail.com",
        "Waist": 25,
        "Lats": 27,
        "Age": 21,
        "Bmi": 22.290498070970994,
        "Category": "N",
        "Photos": [
          {
            "url": "https://randomuser.me/api/portraits/men/84.jpg",
            "isMain": true,
            "description": "Quis reprehenderit mollit aute ea est."
          }
        ]
      },
      {
        "Username": "Cervantes",
        "Gender": "male",
        "Password": "password",
        "Created": "2017-01-31",
        "Introduction": "Proident non ea excepteur non voluptate ipsum ex cupidatat pariatur ipsum aliquip consequat amet et. Deserunt minim mollit incididunt ipsum mollit eiusmod nostrud consequat reprehenderit culpa. Commodo voluptate minim voluptate elit aliqua tempor irure non culpa velit reprehenderit culpa quis.\r\n",
        "City": "Lloyd",
        "Country": "Myanmar",
        "Weight": 0,
        "Height": 1,
        "Email": "Cervantes@gmail.com",
        "Waist": 22,
        "Lats": 26,
        "Age": 18,
        "Bmi": 22.543587910479033,
        "Category": "N",
        "Photos": [
          {
            "url": "https://randomuser.me/api/portraits/men/64.jpg",
            "isMain": true,
            "description": "Ea consequat quis deserunt dolor id sit dolor in do esse esse duis dolore officia."
          }
        ]
      },
      {
        "Username": "Beasley",
        "Gender": "male",
        "Password": "password",
        "Created": "2017-03-18",
        "Introduction": "Ullamco incididunt veniam deserunt reprehenderit. Reprehenderit reprehenderit ex proident excepteur velit occaecat amet culpa qui. Id aliquip duis amet amet velit officia ex non do. Aliqua eiusmod esse et sint nostrud in voluptate occaecat pariatur culpa cillum voluptate amet.\r\n",
        "City": "Marenisco",
        "Country": "Philippines",
        "Weight": 1,
        "Height": 1,
        "Email": "Beasley@gmail.com",
        "Waist": 23,
        "Lats": 31,
        "Age": 28,
        "Bmi": 23.464839676456798,
        "Category": "N",
        "Photos": [
          {
            "url": "https://randomuser.me/api/portraits/men/75.jpg",
            "isMain": true,
            "description": "Fugiat duis ullamco aliqua aliqua ad nisi do eu tempor ut veniam laborum ea aliquip."
          }
        ]
      },
      {
        "Username": "Adams",
        "Gender": "male",
        "Password": "password",
        "Created": "2017-06-24",
        "Introduction": "Sint sunt aliquip enim ullamco cupidatat dolor laborum sint reprehenderit fugiat. Sint culpa commodo do aliquip magna. Irure sunt non id minim in eiusmod qui. Velit do eiusmod sit et nostrud dolor officia consequat deserunt qui quis irure excepteur labore. Adipisicing culpa aute excepteur incididunt.\r\n",
        "City": "Maplewood",
        "Country": "Tajikistan",
        "Weight": 1,
        "Height": 0,
        "Email": "Adams@gmail.com",
        "Waist": 17,
        "Lats": 27,
        "Age": 27,
        "Bmi": 18.67779593756563,
        "Category": "N",
        "Photos": [
          {
            "url": "https://randomuser.me/api/portraits/men/23.jpg",
            "isMain": true,
            "description": "Nulla velit qui deserunt consequat."
          }
        ]
      },
      {
        "Username": "Padilla",
        "Gender": "male",
        "Password": "password",
        "Created": "2017-06-09",
        "Introduction": "Elit adipisicing velit aliquip eu eu id. Deserunt duis pariatur non dolore reprehenderit ullamco. Id tempor quis aliqua cillum labore ex irure aliqua irure. Commodo quis non ea excepteur labore non adipisicing velit. Laborum laborum eu qui minim tempor commodo qui incididunt ad incididunt sunt laboris ipsum aliquip.\r\n",
        "City": "Juntura",
        "Country": "Sudan",
        "Weight": 0,
        "Height": 0,
        "Email": "Padilla@gmail.com",
        "Waist": 15,
        "Lats": 24,
        "Age": 24,
        "Bmi": 22.70536257762226,
        "Category": "N",
        "Photos": [
          {
            "url": "https://randomuser.me/api/portraits/men/86.jpg",
            "isMain": true,
            "description": "Anim nisi minim Lorem reprehenderit officia."
          }
        ]
      },
      {
        "Username": "Martin",
        "Gender": "male",
        "Password": "password",
        "Created": "2017-07-19",
        "Introduction": "Ut velit labore enim incididunt voluptate commodo nulla non ex voluptate exercitation laboris voluptate nisi. Anim minim quis ullamco veniam. Excepteur occaecat irure consectetur sunt pariatur sint tempor et proident labore id.\r\n",
        "City": "Cliffside",
        "Country": "Seychelles",
        "Weight": 0,
        "Height": 1,
        "Email": "Martin@gmail.com",
        "Waist": 16,
        "Lats": 20,
        "Age": 28,
        "Bmi": 22.129423913578524,
        "Category": "N",
        "Photos": [
          {
            "url": "https://randomuser.me/api/portraits/men/30.jpg",
            "isMain": true,
            "description": "Ad exercitation excepteur adipisicing et in."
          }
        ]
      },
      {
        "Username": "Singleton",
        "Gender": "male",
        "Password": "password",
        "Created": "2017-02-26",
        "Introduction": "Cillum commodo anim magna sit in exercitation tempor adipisicing anim nostrud labore. Dolore dolore reprehenderit magna ipsum consequat qui in fugiat commodo ipsum labore quis consequat. Est ut dolor sit laborum esse labore exercitation.\r\n",
        "City": "Dexter",
        "Country": "Kyrgyzstan",
        "Weight": 0,
        "Height": 1,
        "Email": "Singleton@gmail.com",
        "Waist": 21,
        "Lats": 21,
        "Age": 21,
        "Bmi": 19.68453320351106,
        "Category": "N",
        "Photos": [
          {
            "url": "https://randomuser.me/api/portraits/men/1.jpg",
            "isMain": true,
            "description": "Ullamco ad eu in incididunt exercitation aute ea laborum laboris duis veniam nostrud do dolore."
          }
        ]
      },
      {
        "Username": "Mcdowell",
        "Gender": "male",
        "Password": "password",
        "Created": "2017-05-03",
        "Introduction": "Mollit aute eu non reprehenderit nostrud sint amet qui cupidatat nulla tempor irure pariatur. Ex voluptate voluptate magna est et commodo incididunt Lorem commodo sint. Nostrud nisi sunt velit ad cillum amet incididunt elit et deserunt amet exercitation ad.\r\n",
        "City": "Chloride",
        "Country": "Qatar",
        "Weight": 0,
        "Height": 0,
        "Email": "Mcdowell@gmail.com",
        "Waist": 17,
        "Lats": 31,
        "Age": 29,
        "Bmi": 23.54579687880283,
        "Category": "N",
        "Photos": [
          {
            "url": "https://randomuser.me/api/portraits/men/36.jpg",
            "isMain": true,
            "description": "Labore dolore aliqua eiusmod eiusmod minim pariatur id sunt duis."
          }
        ]
      },
      {
        "Username": "Valenzuela",
        "Gender": "male",
        "Password": "password",
        "Created": "2017-01-30",
        "Introduction": "Aute laboris deserunt fugiat sit duis fugiat occaecat. Commodo magna et anim ullamco id sint. Culpa veniam ea pariatur ullamco proident magna duis veniam fugiat dolore laborum. Velit commodo dolor aute est adipisicing nulla duis amet aliqua aliquip enim ex irure. Labore magna deserunt proident tempor non voluptate dolor elit tempor. Nostrud nostrud sit sunt tempor anim excepteur minim amet et sunt velit.\r\n",
        "City": "Thermal",
        "Country": "Senegal",
        "Weight": 0,
        "Height": 0,
        "Email": "Valenzuela@gmail.com",
        "Waist": 22,
        "Lats": 21,
        "Age": 20,
        "Bmi": 22.53334103414843,
        "Category": "N",
        "Photos": [
          {
            "url": "https://randomuser.me/api/portraits/men/96.jpg",
            "isMain": true,
            "description": "Id occaecat sunt qui mollit officia irure cupidatat reprehenderit amet eiusmod fugiat consectetur."
          }
        ]
      },
      {
        "Username": "Mccoy",
        "Gender": "male",
        "Password": "password",
        "Created": "2017-04-09",
        "Introduction": "Ad culpa nostrud officia ipsum magna mollit minim incididunt adipisicing. In nisi sint culpa duis ad esse quis in. Ut laboris magna cupidatat consequat excepteur. Occaecat aliquip qui quis officia ea cillum. Do enim officia magna laboris incididunt aliqua.\r\n",
        "City": "Albrightsville",
        "Country": "Sri Lanka",
        "Weight": 1,
        "Height": 1,
        "Email": "Mccoy@gmail.com",
        "Waist": 17,
        "Lats": 26,
        "Age": 24,
        "Bmi": 22.215811939688642,
        "Category": "N",
        "Photos": [
          {
            "url": "https://randomuser.me/api/portraits/men/43.jpg",
            "isMain": true,
            "description": "Ut reprehenderit minim eiusmod nulla deserunt adipisicing sint magna quis quis."
          }
        ]
      },
      {
        "Username": "Delgado",
        "Gender": "male",
        "Password": "password",
        "Created": "2017-06-01",
        "Introduction": "Ut incididunt excepteur sunt qui est. Reprehenderit aliqua elit sit duis eu fugiat elit in eiusmod irure voluptate nostrud fugiat est. Irure Lorem qui Lorem ex nulla. Duis amet aliqua aliquip in tempor veniam.\r\n",
        "City": "Ivanhoe",
        "Country": "Lithuania",
        "Weight": 1,
        "Height": 1,
        "Email": "Delgado@gmail.com",
        "Waist": 16,
        "Lats": 20,
        "Age": 27,
        "Bmi": 20.8345657266647,
        "Category": "N",
        "Photos": [
          {
            "url": "https://randomuser.me/api/portraits/men/70.jpg",
            "isMain": true,
            "description": "Et quis fugiat sint et qui id tempor sunt exercitation commodo adipisicing commodo dolor."
          }
        ]
      },
      {
        "Username": "Macdonald",
        "Gender": "male",
        "Password": "password",
        "Created": "2017-08-01",
        "Introduction": "Ipsum nisi eiusmod cupidatat duis ut aute deserunt proident. Ipsum esse amet Lorem fugiat qui veniam consectetur consequat. Aliqua eiusmod eu eiusmod qui aliquip do laborum amet exercitation enim qui. Fugiat enim reprehenderit cillum qui et. Esse dolore irure proident velit enim irure sunt deserunt velit dolor veniam veniam in eu.\r\n",
        "City": "Grenelefe",
        "Country": "Burundi",
        "Weight": 1,
        "Height": 0,
        "Email": "Macdonald@gmail.com",
        "Waist": 22,
        "Lats": 26,
        "Age": 22,
        "Bmi": 18.36584770867179,
        "Category": "N",
        "Photos": [
          {
            "url": "https://randomuser.me/api/portraits/men/68.jpg",
            "isMain": true,
            "description": "Proident elit proident voluptate duis ipsum veniam."
          }
        ]
      },
      {
        "Username": "Murphy",
        "Gender": "male",
        "Password": "password",
        "Created": "2017-06-05",
        "Introduction": "Sunt nostrud quis Lorem voluptate culpa do tempor laborum irure minim nisi do. Laboris nisi ad amet cupidatat magna. Adipisicing aliquip quis officia deserunt. Voluptate ut voluptate sint aliquip enim in duis esse ut elit sunt occaecat aute.\r\n",
        "City": "Aberdeen",
        "Country": "Ecuador",
        "Weight": 1,
        "Height": 0,
        "Email": "Murphy@gmail.com",
        "Waist": 15,
        "Lats": 28,
        "Age": 30,
        "Bmi": 19.258098059535648,
        "Category": "N",
        "Photos": [
          {
            "url": "https://randomuser.me/api/portraits/men/35.jpg",
            "isMain": true,
            "description": "In deserunt excepteur anim aliqua ex consequat veniam."
          }
        ]
      },
      {
        "Username": "Pratt",
        "Gender": "male",
        "Password": "password",
        "Created": "2017-06-20",
        "Introduction": "Cillum esse aute esse eu in consectetur cillum voluptate nisi anim incididunt. Irure est irure dolor ea consequat esse. Duis velit magna in pariatur eu cillum dolore culpa adipisicing ut.\r\n",
        "City": "Konterra",
        "Country": "Belize",
        "Weight": 1,
        "Height": 1,
        "Email": "Pratt@gmail.com",
        "Waist": 24,
        "Lats": 21,
        "Age": 29,
        "Bmi": 23.81783690339031,
        "Category": "N",
        "Photos": [
          {
            "url": "https://randomuser.me/api/portraits/men/33.jpg",
            "isMain": true,
            "description": "Culpa tempor occaecat deserunt eiusmod voluptate incididunt do."
          }
        ]
      },
      {
        "Username": "Hewitt",
        "Gender": "male",
        "Password": "password",
        "Created": "2017-08-25",
        "Introduction": "Ut commodo ex ullamco exercitation magna culpa est. Ullamco cupidatat ex veniam ex minim magna culpa sint id nisi. Ipsum anim eu ipsum est sunt.\r\n",
        "City": "Belleview",
        "Country": "Tokelau",
        "Weight": 0,
        "Height": 0,
        "Email": "Hewitt@gmail.com",
        "Waist": 19,
        "Lats": 28,
        "Age": 22,
        "Bmi": 20.81311236860774,
        "Category": "N",
        "Photos": [
          {
            "url": "https://randomuser.me/api/portraits/men/45.jpg",
            "isMain": true,
            "description": "Qui do esse ullamco voluptate dolor."
          }
        ]
      },
      {
        "Username": "Mcmillan",
        "Gender": "male",
        "Password": "password",
        "Created": "2017-01-23",
        "Introduction": "Pariatur ipsum qui in anim id do commodo pariatur labore. Proident aliquip exercitation deserunt tempor exercitation cillum ad. Veniam sint eu labore dolore voluptate nostrud esse. Enim commodo officia officia do proident eu duis.\r\n",
        "City": "Crayne",
        "Country": "Hong Kong",
        "Weight": 1,
        "Height": 1,
        "Email": "Mcmillan@gmail.com",
        "Waist": 25,
        "Lats": 27,
        "Age": 23,
        "Bmi": 20.79049572041727,
        "Category": "N",
        "Photos": [
          {
            "url": "https://randomuser.me/api/portraits/men/81.jpg",
            "isMain": true,
            "description": "Eu eiusmod cillum occaecat non elit tempor."
          }
        ]
      },
      {
        "Username": "Snider",
        "Gender": "male",
        "Password": "password",
        "Created": "2017-06-29",
        "Introduction": "Ea fugiat reprehenderit quis sit qui consequat laboris officia. Sit elit amet cillum aliquip exercitation. Nulla occaecat enim veniam duis do laborum sint dolore proident anim minim ipsum est.\r\n",
        "City": "Elbert",
        "Country": "Bosnia and Herzegovina",
        "Weight": 0,
        "Height": 0,
        "Email": "Snider@gmail.com",
        "Waist": 26,
        "Lats": 31,
        "Age": 19,
        "Bmi": 22.692795379659465,
        "Category": "N",
        "Photos": [
          {
            "url": "https://randomuser.me/api/portraits/men/56.jpg",
            "isMain": true,
            "description": "Culpa nisi consectetur enim commodo incididunt qui eu officia proident consequat fugiat in officia fugiat."
          }
        ]
      }
    ]